{"content": {"suites": {"0": {"status": {"total_pass": 4, "total_skip": 0, "total_xpass": 0, "total_xfail": 0, "total_rerun": 0, "total_fail": 0, "total_error": 0}, "tests": {"0": {"status": "PASS", "message": "", "test_name": "test_login_params_004[getDataforlogin0]", "rerun": "0"}, "1": {"status": "PASS", "message": "", "test_name": "test_login_params_004[getDataforlogin1]", "rerun": "0"}, "2": {"status": "PASS", "message": "", "test_name": "test_login_params_004[getDataforlogin2]", "rerun": "0"}, "3": {"status": "PASS", "message": "", "test_name": "test_login_params_004[getDataforlogin3]", "rerun": "0"}}, "suite_name": "testCases/test_Login_params.py"}}}, "date": "May 11, 2023", "start_time": 1683775945.3747315, "total_suite": 1, "status": "PASS", "status_list": {"pass": "4", "fail": "0", "skip": "0", "error": "0", "xpass": "0", "xfail": "0", "rerun": "0"}, "total_tests": "4"}